{
  "CrVKoYDDJIU": {
    "user_name": "John Price",
    "user_url": "https://unsplash.com/@johnprice?utm_source=unsample&utm_medium=referral&utm_campaign=api-credit",
    "photo_url": "https://unsplash.com/photos/CrVKoYDDJIU?utm_source=unsample&utm_medium=referral&utm_campaign=api-credit"
  },
  "p0tgY-ju-Fs": {
    "user_name": "Steve Goldberg",
    "user_url": "https://unsplash.com/@stevengoldphoto?utm_source=unsample&utm_medium=referral&utm_campaign=api-credit",
    "photo_url": "https://unsplash.com/photos/p0tgY-ju-Fs?utm_source=unsample&utm_medium=referral&utm_campaign=api-credit"
  },
  "5kjDIw7STCw": {
    "user_name": "Naphtali Marshall",
    "user_url": "https://unsplash.com/@naphtalim?utm_source=unsample&utm_medium=referral&utm_campaign=api-credit",
    "photo_url": "https://unsplash.com/photos/5kjDIw7STCw?utm_source=unsample&utm_medium=referral&utm_campaign=api-credit"
  },
  "scIXeTCipZA": {
    "user_name": "Victoria Palacios",
    "user_url": "https://unsplash.com/@toriamia?utm_source=unsample&utm_medium=referral&utm_campaign=api-credit",
    "photo_url": "https://unsplash.com/photos/scIXeTCipZA?utm_source=unsample&utm_medium=referral&utm_campaign=api-credit"
  },
  "KSXvrqKUxnc": {
    "user_name": "Carissa Gan",
    "user_url": "https://unsplash.com/@carissagan?utm_source=unsample&utm_medium=referral&utm_campaign=api-credit",
    "photo_url": "https://unsplash.com/photos/KSXvrqKUxnc?utm_source=unsample&utm_medium=referral&utm_campaign=api-credit"
  },
  "wGSzrwZMnH0": {
    "user_name": "Chandler Hilken",
    "user_url": "https://unsplash.com/@chandlerhilken?utm_source=unsample&utm_medium=referral&utm_campaign=api-credit",
    "photo_url": "https://unsplash.com/photos/wGSzrwZMnH0?utm_source=unsample&utm_medium=referral&utm_campaign=api-credit"
  },
  "IgGbNQcU5cQ": {
    "user_name": "Sri Jalasutram",
    "user_url": "https://unsplash.com/@srisutra?utm_source=unsample&utm_medium=referral&utm_campaign=api-credit",
    "photo_url": "https://unsplash.com/photos/IgGbNQcU5cQ?utm_source=unsample&utm_medium=referral&utm_campaign=api-credit"
  },
  "ixZqFkb-iPY": {
    "user_name": "Beth Ireland",
    "user_url": "https://unsplash.com/@bethirelandphotography?utm_source=unsample&utm_medium=referral&utm_campaign=api-credit",
    "photo_url": "https://unsplash.com/photos/ixZqFkb-iPY?utm_source=unsample&utm_medium=referral&utm_campaign=api-credit"
  },
  "ssRFuqmrvMA": {
    "user_name": "Peter Lloyd",
    "user_url": "https://unsplash.com/@plloyd?utm_source=unsample&utm_medium=referral&utm_campaign=api-credit",
    "photo_url": "https://unsplash.com/photos/ssRFuqmrvMA?utm_source=unsample&utm_medium=referral&utm_campaign=api-credit"
  },
  "7P_D7Syj1_s": {
    "user_name": "David Boca",
    "user_url": "https://unsplash.com/@davidboca?utm_source=unsample&utm_medium=referral&utm_campaign=api-credit",
    "photo_url": "https://unsplash.com/photos/7P_D7Syj1_s?utm_source=unsample&utm_medium=referral&utm_campaign=api-credit"
  },
  "9orOVcH0WqY": {
    "user_name": "Peter Lloyd",
    "user_url": "https://unsplash.com/@plloyd?utm_source=unsample&utm_medium=referral&utm_campaign=api-credit",
    "photo_url": "https://unsplash.com/photos/9orOVcH0WqY?utm_source=unsample&utm_medium=referral&utm_campaign=api-credit"
  },
  "XKQv1TzSM44": {
    "user_name": "Rodolfo de Carvalho",
    "user_url": "https://unsplash.com/@rodolfoita?utm_source=unsample&utm_medium=referral&utm_campaign=api-credit",
    "photo_url": "https://unsplash.com/photos/XKQv1TzSM44?utm_source=unsample&utm_medium=referral&utm_campaign=api-credit"
  },
  "u1YMWMJzGsY": {
    "user_name": "Dan Freeman",
    "user_url": "https://unsplash.com/@danfreemanphoto?utm_source=unsample&utm_medium=referral&utm_campaign=api-credit",
    "photo_url": "https://unsplash.com/photos/u1YMWMJzGsY?utm_source=unsample&utm_medium=referral&utm_campaign=api-credit"
  },
  "3ecYnQot4Bc": {
    "user_name": "Becca Tapert",
    "user_url": "https://unsplash.com/@beccatapert?utm_source=unsample&utm_medium=referral&utm_campaign=api-credit",
    "photo_url": "https://unsplash.com/photos/3ecYnQot4Bc?utm_source=unsample&utm_medium=referral&utm_campaign=api-credit"
  },
  "FMHeRh1d45A": {
    "user_name": "Alisa Anton",
    "user_url": "https://unsplash.com/@alisaanton?utm_source=unsample&utm_medium=referral&utm_campaign=api-credit",
    "photo_url": "https://unsplash.com/photos/FMHeRh1d45A?utm_source=unsample&utm_medium=referral&utm_campaign=api-credit"
  },
  "qj0TEojBXz4": {
    "user_name": "Rod Long",
    "user_url": "https://unsplash.com/@rodlong?utm_source=unsample&utm_medium=referral&utm_campaign=api-credit",
    "photo_url": "https://unsplash.com/photos/qj0TEojBXz4?utm_source=unsample&utm_medium=referral&utm_campaign=api-credit"
  },
  "2ZUOaO3DMKg": {
    "user_name": "Samule Sun",
    "user_url": "https://unsplash.com/@samule?utm_source=unsample&utm_medium=referral&utm_campaign=api-credit",
    "photo_url": "https://unsplash.com/photos/2ZUOaO3DMKg?utm_source=unsample&utm_medium=referral&utm_campaign=api-credit"
  },
  "MTV7UG09R-k": {
    "user_name": "João Silas",
    "user_url": "https://unsplash.com/@joaosilas?utm_source=unsample&utm_medium=referral&utm_campaign=api-credit",
    "photo_url": "https://unsplash.com/photos/MTV7UG09R-k?utm_source=unsample&utm_medium=referral&utm_campaign=api-credit"
  },
  "1HmtbpxZ5aI": {
    "user_name": "eberhard grossgasteiger",
    "user_url": "https://unsplash.com/@eberhardgross?utm_source=unsample&utm_medium=referral&utm_campaign=api-credit",
    "photo_url": "https://unsplash.com/photos/1HmtbpxZ5aI?utm_source=unsample&utm_medium=referral&utm_campaign=api-credit"
  },
  "ggeZ9oyI-PE": {
    "user_name": "Priscilla Du Preez",
    "user_url": "https://unsplash.com/@priscilladupreez?utm_source=unsample&utm_medium=referral&utm_campaign=api-credit",
    "photo_url": "https://unsplash.com/photos/ggeZ9oyI-PE?utm_source=unsample&utm_medium=referral&utm_campaign=api-credit"
  },
  "2xHgGqrgIDY": {
    "user_name": "Clem Onojeghuo",
    "user_url": "https://unsplash.com/@clemono2?utm_source=unsample&utm_medium=referral&utm_campaign=api-credit",
    "photo_url": "https://unsplash.com/photos/2xHgGqrgIDY?utm_source=unsample&utm_medium=referral&utm_campaign=api-credit"
  },
  "3ICVaI2uzfE": {
    "user_name": "Ali Arif Soydaş",
    "user_url": "https://unsplash.com/@aliarifsoydas?utm_source=unsample&utm_medium=referral&utm_campaign=api-credit",
    "photo_url": "https://unsplash.com/photos/3ICVaI2uzfE?utm_source=unsample&utm_medium=referral&utm_campaign=api-credit"
  },
  "0lqevfyIm54": {
    "user_name": "Michael D Beckwith",
    "user_url": "https://unsplash.com/@michael_david_beckwith?utm_source=unsample&utm_medium=referral&utm_campaign=api-credit",
    "photo_url": "https://unsplash.com/photos/0lqevfyIm54?utm_source=unsample&utm_medium=referral&utm_campaign=api-credit"
  },
  "t72WgCWLZpQ": {
    "user_name": "The HK Photo Company",
    "user_url": "https://unsplash.com/@thehkphotocompany?utm_source=unsample&utm_medium=referral&utm_campaign=api-credit",
    "photo_url": "https://unsplash.com/photos/t72WgCWLZpQ?utm_source=unsample&utm_medium=referral&utm_campaign=api-credit"
  },
  "1DAqhek_0qI": {
    "user_name": "Artiom Vallat",
    "user_url": "https://unsplash.com/@virussinside?utm_source=unsample&utm_medium=referral&utm_campaign=api-credit",
    "photo_url": "https://unsplash.com/photos/1DAqhek_0qI?utm_source=unsample&utm_medium=referral&utm_campaign=api-credit"
  },
  "COUwlqegBqs": {
    "user_name": "Lukas Robertson",
    "user_url": "https://unsplash.com/@sheetstothewind?utm_source=unsample&utm_medium=referral&utm_campaign=api-credit",
    "photo_url": "https://unsplash.com/photos/COUwlqegBqs?utm_source=unsample&utm_medium=referral&utm_campaign=api-credit"
  },
  "dPLzd0lEWgY": {
    "user_name": "Stephanie LeBlanc",
    "user_url": "https://unsplash.com/@sleblanc01?utm_source=unsample&utm_medium=referral&utm_campaign=api-credit",
    "photo_url": "https://unsplash.com/photos/dPLzd0lEWgY?utm_source=unsample&utm_medium=referral&utm_campaign=api-credit"
  },
  "ivQeBMYXaTY": {
    "user_name": "🔮🌊💜✨",
    "user_url": "https://unsplash.com/@darkroomsg?utm_source=unsample&utm_medium=referral&utm_campaign=api-credit",
    "photo_url": "https://unsplash.com/photos/ivQeBMYXaTY?utm_source=unsample&utm_medium=referral&utm_campaign=api-credit"
  },
  "9MKeUggF3Yg": {
    "user_name": "Team LaSue",
    "user_url": "https://unsplash.com/@lasue?utm_source=unsample&utm_medium=referral&utm_campaign=api-credit",
    "photo_url": "https://unsplash.com/photos/9MKeUggF3Yg?utm_source=unsample&utm_medium=referral&utm_campaign=api-credit"
  },
  "JYfGj2jPy68": {
    "user_name": "Ian Stauffer",
    "user_url": "https://unsplash.com/@ianstauffer?utm_source=unsample&utm_medium=referral&utm_campaign=api-credit",
    "photo_url": "https://unsplash.com/photos/JYfGj2jPy68?utm_source=unsample&utm_medium=referral&utm_campaign=api-credit"
  }
}